filename,child_age,milestone_id,label,hashed_filename,age_group,domain,original_filename
9ee7bd746c841256.mp4,6,M_6M_001,achieved,9ee7bd746c841256.mp4,0-6m,motor,video_001.mp4
de161c67a5033511.mp4,6,M_6M_002,achieved,de161c67a5033511.mp4,0-6m,motor,video_002.mp4
28141a6d7206de90.mp4,6,L_6M_001,not_achieved,28141a6d7206de90.mp4,0-6m,language,video_003.mp4
4ffe13a04cea495d.mp4,9,M_9M_001,achieved,4ffe13a04cea495d.mp4,7-12m,motor,video_004.mp4
0c9330cf3c537706.mp4,9,M_9M_001,achieved,0c9330cf3c537706.mp4,7-12m,motor,video_005.mp4
c853cc9fa48c53b4.mp4,9,L_9M_001,achieved,c853cc9fa48c53b4.mp4,7-12m,language,video_006.mp4
379a31110b6c2e3f.mp4,12,M_12M_001,achieved,379a31110b6c2e3f.mp4,7-12m,motor,video_007.mp4
3e333a733d283001.mp4,12,M_12M_002,not_achieved,3e333a733d283001.mp4,7-12m,motor,video_008.mp4
5a741d670fc63fdd.mp4,12,M_12M_003,achieved,5a741d670fc63fdd.mp4,7-12m,motor,video_009.mp4
83354e3cd38908a7.mp4,12,L_12M_001,achieved,83354e3cd38908a7.mp4,7-12m,language,video_010.mp4
ea508f1df8a18473.mp4,12,L_12M_002,not_achieved,ea508f1df8a18473.mp4,7-12m,language,video_011.mp4
88286fd05869a8fc.mp4,12,S_12M_001,achieved,88286fd05869a8fc.mp4,7-12m,social,video_012.mp4
ba68e86a376b6250.mp4,18,M_18M_001,achieved,ba68e86a376b6250.mp4,13-18m,motor,video_013.mp4
4e1853d6ea371921.mp4,18,L_18M_001,achieved,4e1853d6ea371921.mp4,13-18m,language,video_014.mp4
0df2d14604300199.mp4,18,S_18M_001,achieved,0df2d14604300199.mp4,13-18m,social,video_015.mp4
c4648c37a97fcc8a.mp4,24,M_24M_001,achieved,c4648c37a97fcc8a.mp4,19-24m,motor,video_016.mp4
4eea1575f604e4eb.mp4,24,M_24M_002,achieved,4eea1575f604e4eb.mp4,19-24m,motor,video_017.mp4
02847a59ede409be.mp4,24,L_24M_003,not_achieved,02847a59ede409be.mp4,19-24m,language,video_018.mp4
5399a5a63dc76ad8.mp4,24,L_24M_004,achieved,5399a5a63dc76ad8.mp4,19-24m,language,video_019.mp4
f3860142b91465f5.mp4,24,S_24M_001,achieved,f3860142b91465f5.mp4,19-24m,social,video_020.mp4
aeec4dc7ffc7a6e7.mp4,30,M_30M_001,achieved,aeec4dc7ffc7a6e7.mp4,25-30m,motor,video_021.mp4
f2a68d1c4b098781.mp4,30,L_30M_001,achieved,f2a68d1c4b098781.mp4,25-30m,language,video_022.mp4
c29701c812d740a8.mp4,36,M_36M_001,achieved,c29701c812d740a8.mp4,31-36m,motor,video_023.mp4
adc5c50db0746d13.mp4,36,L_36M_001,achieved,adc5c50db0746d13.mp4,31-36m,language,video_024.mp4
89c00e44d0aadd7d.mp4,36,S_36M_001,achieved,89c00e44d0aadd7d.mp4,31-36m,social,video_025.mp4
